Trial,Flip,Time (s)
1,1,2.8425743020015943
1,2,5.437930523999967
